email, senha
0.48149258349793983@mail.com,user123
0.08389790684966122@mail.com,user123
0.12684149718193985@mail.com,user123
0.6949250344942765@mail.com,user123 
0.209380010060571@mail.com,user123  
0.4416873433588319@mail.com,user123 
0.40147240346948093@mail.com,user123
0.5326143030870325@mail.com,user123 
0.2405037192902699@mail.com,user123